<?xml version="1.0" encoding="UTF-8"?>
<project-private xmlns="http://www.netbeans.org/ns/project-private/1">
    <editor-bookmarks xmlns="http://www.netbeans.org/ns/editor-bookmarks/2" lastBookmarkId="0"/>
    <open-files xmlns="http://www.netbeans.org/ns/projectui-open-files/2">
        <group>
            <file>file:/Users/TuanPhan/NetBeansProjects/Project3/src/java/project3/RegisterDao.java</file>
            <file>file:/Users/TuanPhan/NetBeansProjects/Project3/src/java/project3/AddToCart.java</file>
            <file>file:/Users/TuanPhan/NetBeansProjects/Project3/src/java/project3/SeeOrderServlet.java</file>
            <file>file:/Users/TuanPhan/NetBeansProjects/Project3/web/p3_login.jsp</file>
            <file>file:/Users/TuanPhan/NetBeansProjects/Project3/src/java/project3/OrderBean.java</file>
            <file>file:/Users/TuanPhan/NetBeansProjects/Project3/src/java/project3/DBConnection.java</file>
            <file>file:/Users/TuanPhan/NetBeansProjects/Project3/src/java/project3/OrderAddedDao.java</file>
            <file>file:/Users/TuanPhan/NetBeansProjects/Project3/src/java/project3/CheckoutServlet.java</file>
            <file>file:/Users/TuanPhan/NetBeansProjects/Project3/web/p3_header.jsp</file>
            <file>file:/Users/TuanPhan/NetBeansProjects/Project3/web/p3_register.jsp</file>
            <file>file:/Users/TuanPhan/NetBeansProjects/Project3/src/java/project3/GuestServlet.java</file>
            <file>file:/Users/TuanPhan/NetBeansProjects/Project3/src/java/project3/OrderServlet.java</file>
            <file>file:/Users/TuanPhan/NetBeansProjects/Project3/src/java/project3/AddBookDao.java</file>
            <file>file:/Users/TuanPhan/NetBeansProjects/Project3/src/java/project3/Cart.java</file>
            <file>file:/Users/TuanPhan/NetBeansProjects/Project3/src/java/project3/PlaceOrderServlet.java</file>
            <file>file:/Users/TuanPhan/NetBeansProjects/Project3/web/p3_adminLogin.jsp</file>
            <file>file:/Users/TuanPhan/NetBeansProjects/Project3/src/java/project3/LoginAdminServlet.java</file>
            <file>file:/Users/TuanPhan/NetBeansProjects/Project3/src/java/project3/LoginServlet.java</file>
            <file>file:/Users/TuanPhan/NetBeansProjects/Project3/web/p3_guestView.jsp</file>
            <file>file:/Users/TuanPhan/NetBeansProjects/Project3/web/p3_login_errors.jsp</file>
            <file>file:/Users/TuanPhan/NetBeansProjects/Project3/web/p3_userView.jsp</file>
            <file>file:/Users/TuanPhan/NetBeansProjects/Project3/web/p3_pay.jsp</file>
            <file>file:/Users/TuanPhan/NetBeansProjects/Project3/web/index.jsp</file>
            <file>file:/Users/TuanPhan/NetBeansProjects/Project3/web/shop.jsp</file>
            <file>file:/Users/TuanPhan/NetBeansProjects/Project3/src/java/project3/RegisterBean.java</file>
            <file>file:/Users/TuanPhan/NetBeansProjects/Project3/web/p3_checkout.jsp</file>
            <file>file:/Users/TuanPhan/NetBeansProjects/Project3/src/java/project3/LoginBean.java</file>
            <file>file:/Users/TuanPhan/NetBeansProjects/Project3/src/java/project3/Bookbean.java</file>
            <file>file:/Users/TuanPhan/NetBeansProjects/Project3/web/p3_userView_2.jsp</file>
            <file>file:/Users/TuanPhan/NetBeansProjects/Project3/web/WEB-INF/web.xml</file>
            <file>file:/Users/TuanPhan/NetBeansProjects/Project3/web/p3_orderViewAdmin.jsp</file>
            <file>file:/Users/TuanPhan/NetBeansProjects/Project3/src/java/project3/AdminServlet.java</file>
            <file>file:/Users/TuanPhan/NetBeansProjects/Project3/src/java/project3/LoginAdminDao.java</file>
            <file>file:/Users/TuanPhan/NetBeansProjects/Project3/web/p3_admin_1.jsp</file>
            <file>file:/Users/TuanPhan/NetBeansProjects/Project3/src/java/project3/RegisterServlet.java</file>
            <file>file:/Users/TuanPhan/NetBeansProjects/Project3/src/java/project3/LoginDao.java</file>
        </group>
    </open-files>
</project-private>
